City_ID,City,Lat,Lng,Max Temp,Humidity,Cloudiness,Wind Speed,Country,Date
0,papatowai,-46.5619,169.4708,5.33,85,95,4.93,NZ,1690985240
1,tazovsky,67.4667,78.7,19.38,56,1,7.69,RU,1690985241
2,remire-montjoly,4.9167,-52.2667,31.02,66,75,3.09,GF,1690985242
3,nacozari de garcia,30.3742,-109.6908,25.49,47,0,0.92,MX,1690985242
4,port-aux-francais,-49.35,70.2167,1.95,72,14,17.85,TF,1690985243
5,makaha,21.4694,-158.2175,25.95,78,0,0.0,US,1690985244
6,st. john's,47.5649,-52.7093,19.88,84,100,3.6,CA,1690985123
7,yellowknife,62.456,-114.3525,14.2,76,64,2.68,CA,1690985245
8,grytviken,-54.2811,-36.5092,0.05,98,100,4.22,GS,1690985246
9,carnarvon,-24.8667,113.6333,17.74,69,99,5.53,AU,1690985246
10,punta arenas,-53.15,-70.9167,-1.05,93,75,8.23,CL,1690984897
11,mankera,31.3866,71.4407,42.02,26,0,4.43,PK,1690985248
12,zemetchino,53.4973,42.6163,27.7,53,57,3.0,RU,1690985249
13,bintulu,3.1667,113.0333,25.23,94,40,1.54,MY,1690985160
14,utrik,11.2278,169.8474,28.14,79,50,5.91,MH,1690985251
15,haiku-pauwela,20.9219,-156.3051,24.47,78,0,4.12,US,1690985252
16,tucuma,-0.1833,-50.05,30.12,63,13,2.74,BR,1690985253
17,bilibino,68.0546,166.4372,9.37,80,100,2.52,RU,1690985254
18,adamstown,-25.066,-130.1015,20.88,63,100,7.61,PN,1690985254
19,east london,-33.0153,27.9116,20.01,55,0,6.42,ZA,1690985255
20,edinburgh of the seven seas,-37.0676,-12.3116,11.38,58,100,2.89,SH,1690985256
21,iskateley,67.6803,53.1512,27.4,47,64,3.81,RU,1690985256
22,waitangi,-43.9535,-176.5597,6.57,89,84,0.89,NZ,1690985257
23,roma,43.2128,-75.4557,21.6,70,100,0.45,US,1690985258
24,verkhnevilyuysk,63.4453,120.3167,14.6,64,70,1.07,RU,1690985259
25,codrington,-38.2667,141.9667,11.84,68,4,8.55,AU,1690985259
26,bethel,41.3712,-73.414,22.72,60,46,2.54,US,1690984999
27,punta del este,-34.9667,-54.95,27.06,82,0,7.2,UY,1690985261
28,urengoy,65.9667,78.3667,26.66,52,42,8.22,RU,1690985262
29,blackmans bay,-43.0167,147.3167,9.07,74,24,3.97,AU,1690985012
30,turan,16.0678,108.2208,29.99,66,75,0.51,VN,1690985263
31,kodiak,57.79,-152.4072,10.73,93,0,3.09,US,1690985264
32,lubango,-14.9172,13.4925,26.12,13,100,1.48,AO,1690985264
33,vilyuchinsk,52.9306,158.4028,11.93,99,100,2.47,RU,1690985265
34,birjand,32.8663,59.2211,30.45,16,0,11.95,IR,1690985266
35,broome,42.2506,-75.833,20.37,69,0,2.06,US,1690985266
36,berezovyy,51.6667,135.7,11.75,96,100,0.82,RU,1690985267
37,puerto ayora,-0.7393,-90.3518,25.98,91,68,1.79,EC,1690985268
38,lauro de freitas,-12.8944,-38.3272,28.01,74,75,6.17,BR,1690985269
39,charters towers,-20.1,146.2667,14.66,75,8,4.2,AU,1690985269
40,leiston,52.2061,1.5776,21.05,75,100,10.6,GB,1690985270
41,margaret river,-33.95,115.0667,8.63,87,100,8.72,AU,1690985271
42,aasiaat,68.7098,-52.8699,2.04,86,100,2.44,GL,1690985025
43,okakarara,-20.5833,17.4333,24.86,9,0,6.14,NA,1690985272
44,albany,42.6001,-73.9662,20.91,69,70,0.45,US,1690985119
45,kyzyl-mazhalyk,51.1333,90.6,16.66,86,98,1.13,RU,1690985273
46,gadzhiyevo,69.2551,33.3362,22.95,52,10,2.16,RU,1690985274
47,lazaro cardenas,17.9583,-102.2,25.83,88,100,2.73,MX,1690985274
48,korla,41.7597,86.1469,33.01,16,0,2.58,CN,1690985275
49,whitehorse,60.7161,-135.0538,8.43,100,75,1.03,CA,1690985277
50,la ronge,55.1001,-105.2842,16.2,76,0,3.62,CA,1690985278
51,taoudenni,22.6783,-3.9836,49.7,4,6,4.14,ML,1690985279
52,avarua,-21.2078,-159.775,23.03,78,75,3.09,CK,1690985279
53,ribeira grande,38.5167,-28.7,26.22,89,40,5.36,PT,1690985280
54,sailana,23.4667,74.9167,25.25,83,99,6.39,IN,1690985280
55,kavieng,-2.5744,150.7967,27.69,78,100,3.53,PG,1690985281
56,olonkinbyen,70.9221,-8.7187,5.94,90,100,2.08,SJ,1690985282
57,bodaybo,57.8506,114.1933,14.84,75,12,2.24,RU,1690985283
58,ligatne,57.2343,25.0406,22.36,73,100,0.89,LV,1690985284
59,saldanha,-33.0117,17.9442,18.73,47,10,2.01,ZA,1690985285
60,palmer,42.1584,-72.3287,21.48,58,40,2.06,US,1690985111
61,badger,64.8,-147.5333,15.45,83,75,2.57,US,1690985287
62,amga,60.8953,131.9608,9.92,95,9,0.45,RU,1690985288
63,ryotsu-minato,38.0833,138.4333,27.12,77,100,1.47,JP,1690985289
64,thompson,55.7435,-97.8558,16.09,94,100,5.14,CA,1690985290
65,bantay,17.5847,120.3892,26.65,85,100,10.52,PH,1690985291
66,slavyanka,42.8633,131.3847,21.37,97,80,1.18,RU,1690985292
67,puerto natales,-51.7236,-72.4875,1.0,86,100,7.8,CL,1690985293
68,invercargill,-46.4,168.35,5.57,92,100,1.79,NZ,1690985294
69,ilulissat,69.2167,-51.1,8.01,87,75,2.06,GL,1690985295
70,ghanzi,-21.5667,21.7833,23.73,25,0,6.79,BW,1690985296
71,iqaluit,63.7506,-68.5145,6.5,87,100,1.34,CA,1690985297
72,saipan,15.1355,145.701,27.58,100,0,0.0,MP,1690985298
73,ust-nera,64.5667,143.2,9.55,72,11,1.01,RU,1690985299
74,tamanrasset,22.785,5.5228,36.95,13,20,4.12,DZ,1690985299
75,mufulira,-12.5498,28.2407,25.67,25,9,3.22,ZM,1690985300
76,sanchor,24.7553,71.7722,31.09,64,100,6.59,IN,1690985301
77,cotonou,6.3654,2.4183,27.99,78,40,7.2,BJ,1690985109
78,i-n-salah,27.1935,2.4607,47.62,6,5,4.39,DZ,1690985302
79,rosarito,32.3333,-117.0333,21.38,91,21,3.87,MX,1690984816
80,akcakale,36.7111,38.9475,39.74,12,0,6.64,TR,1690985303
81,qaqortoq,60.7167,-46.0333,7.57,79,32,2.09,GL,1690985304
82,ingeniero jacobacci,-41.3427,-69.5448,3.38,45,69,11.56,AR,1690985304
83,phan rang-thap cham,11.5667,108.9833,26.94,78,87,2.15,VN,1690985305
84,zhumysker,49.3333,49.4,34.97,18,36,1.14,KZ,1690985306
85,tomohon,1.3346,124.8392,24.52,93,30,1.82,ID,1690985307
86,parkes,-33.1333,148.1833,11.86,67,0,3.93,AU,1690985309
87,minot air force base,48.4209,-101.3391,21.1,82,20,2.57,US,1690985309
88,swakopmund,-22.6833,14.5333,22.44,29,1,4.35,NA,1690985310
89,porto novo,6.4965,2.6036,27.9,67,92,5.28,BJ,1690985311
90,khandyga,62.6667,135.6,12.93,77,71,1.27,RU,1690985312
91,nchelenge,-9.3451,28.734,26.13,40,2,3.64,ZM,1690985313
92,fort bragg,35.139,-79.006,26.06,71,0,3.6,US,1690985177
93,chonchi,-42.6128,-73.8092,4.56,76,97,0.94,CL,1690985314
94,macusani,-14.0833,-70.4333,6.38,34,1,1.63,PE,1690985315
95,chegdomyn,51.1167,133.0167,15.08,79,21,0.78,RU,1690985316
96,page,36.9147,-111.4558,24.27,53,0,0.89,US,1690985317
97,raichur,16.2,77.3667,27.72,63,100,9.0,IN,1690985318
98,ushuaia,-54.8,-68.3,-3.19,93,75,5.14,AR,1690985319
99,todos santos,23.45,-110.2167,28.14,83,10,0.29,MX,1690985319
100,pelabuhanratu,-6.9875,106.5514,24.59,91,5,2.45,ID,1690985320
101,nuriootpa,-34.4833,139.0,14.1,62,100,3.87,AU,1690985322
102,richfield,44.8833,-93.283,25.64,78,40,2.06,US,1690985112
103,smithers,54.7804,-127.1743,11.31,93,95,1.09,CA,1690985323
104,axim,4.8699,-2.2405,24.83,85,100,4.41,GH,1690985324
105,nantucket,41.2835,-70.0995,22.3,74,75,5.66,US,1690985324
106,nadi,-17.8,177.4167,22.0,78,20,4.63,FJ,1690985325
107,kavaratti,10.5669,72.642,28.3,79,100,8.13,IN,1690985326
108,palasa,18.7667,84.4167,26.37,80,100,4.22,IN,1690985310
109,laramie,41.3114,-105.5911,16.64,83,0,0.0,US,1690985125
110,zhicheng,30.2956,111.5047,27.67,78,100,1.47,CN,1690985328
111,gisborne,-38.6533,178.0042,6.66,77,74,8.45,NZ,1690985284
112,galliano,29.4422,-90.2992,32.0,70,0,2.06,US,1690985329
113,at taj,24.2049,23.2857,40.09,8,0,2.27,LY,1690985330
114,murzuq,25.9155,13.9184,39.03,10,0,4.45,LY,1690985330
115,sao jose da coroa grande,-8.8978,-35.1478,27.04,73,14,4.22,BR,1690985331
116,tura,25.5198,90.2201,25.56,91,98,3.31,IN,1690985332
117,sidrolandia,-20.9319,-54.9614,29.48,24,0,3.84,BR,1690985333
118,afaahiti,-17.75,-149.2833,20.93,75,20,4.51,PF,1690985333
119,acapulco de juarez,16.8634,-99.8901,27.9,78,75,1.03,MX,1690985334
120,ocean city,39.2776,-74.5746,24.5,64,31,3.58,US,1690985335
121,hithadhoo,-0.6,73.0833,26.62,75,96,1.07,MV,1690985335
122,padang,-0.9492,100.3543,27.03,85,77,1.32,ID,1690985336
123,atafu village,-8.5421,-172.5159,28.42,74,100,4.69,TK,1690985337
124,vershino-darasunskiy,52.35,115.5167,19.62,41,100,4.9,RU,1690985338
125,luderitz,-26.6481,15.1594,24.2,24,5,2.52,NA,1690985339
126,kerikeri,-35.2268,173.9474,8.84,80,17,0.45,NZ,1690985340
127,tiksi,71.6872,128.8694,6.09,90,100,1.15,RU,1690985340
128,praia da vitoria,38.7333,-27.0667,26.53,90,94,4.12,PT,1690985341
129,moree,-29.4667,149.85,11.25,67,0,4.62,AU,1690985342
130,qusmuryn,52.4503,64.6311,27.46,47,14,5.45,KZ,1690985342
131,sabang,5.8933,95.3214,28.75,78,100,9.76,ID,1690985343
132,ugoofaaru,5.6667,73.0,28.26,73,100,4.89,MV,1690985344
133,al ghayzah,16.2079,52.176,30.46,62,28,6.77,YE,1690985344
134,hasaki,35.7333,140.8333,27.39,89,0,6.22,JP,1690985345
135,guerrero negro,27.9769,-114.0611,21.23,80,3,3.95,MX,1690985345
136,magadan,59.5667,150.8,11.41,79,100,0.79,RU,1690985346
137,ialibu,-6.2821,143.9935,14.13,100,100,0.58,PG,1690985347
138,qamdo,31.1667,97.2333,11.38,63,97,1.44,CN,1690985348
139,namibe,-15.1961,12.1522,21.48,68,60,3.75,AO,1690985349
140,broken hill,-31.95,141.4333,11.8,53,4,4.57,AU,1690985350
141,nkhata bay,-11.6066,34.2907,22.84,67,7,8.76,MW,1690985350
142,pionerskiy,54.9508,20.2275,22.91,64,37,6.14,RU,1690985351
143,mazagao,-0.115,-51.2894,31.03,55,4,2.58,BR,1690985238
144,nogliki,51.8333,143.1667,11.32,93,21,4.98,RU,1690985352
145,kuusamo,65.9667,29.1833,21.36,58,100,4.15,FI,1690985353
146,brisas de zicatela,15.8369,-97.0419,27.29,74,40,2.57,MX,1690985353
147,fort william,56.8165,-5.1121,17.95,78,82,3.84,GB,1690985354
148,severo-yeniseyskiy,60.3725,93.0408,18.57,74,95,1.01,RU,1690985354
149,stiens,53.2623,5.7577,21.66,68,75,8.75,NL,1690985355
150,arraial do cabo,-22.9661,-42.0278,23.92,46,0,7.72,BR,1690985355
151,port mathurin,-19.6833,63.4167,23.54,72,30,7.42,MU,1690985356
152,bredasdorp,-34.5322,20.0403,17.26,54,0,1.96,ZA,1690985357
153,west island,-12.1568,96.8225,22.99,83,75,7.72,CC,1690985357
154,yarmouth,41.7057,-70.2286,23.12,72,40,7.15,US,1690985358
155,arvayheer,46.2639,102.775,17.28,68,79,3.19,MN,1690985359
156,nagqu,31.5,92.0,6.83,94,100,2.55,CN,1690985359
157,dakhla,23.6848,-15.958,22.85,75,44,12.49,EH,1690985360
158,ouargla,31.9493,5.325,43.38,9,0,6.29,DZ,1690985360
159,nova vicosa,-17.8919,-39.3719,23.75,63,45,2.38,BR,1690985129
160,jiuquan,39.7432,98.5174,22.95,47,97,7.45,CN,1690985362
161,kurchatov,51.6601,35.6521,28.23,48,29,3.35,RU,1690985363
162,pandan,14.0453,124.1694,28.26,79,100,5.36,PH,1690985363
163,tolanaro,-25.0319,46.9987,19.88,70,88,3.27,MG,1690985364
164,mogok,22.9167,96.5,19.62,99,100,1.35,MM,1690985364
165,rio grande,-32.035,-52.0986,27.06,78,0,3.25,BR,1690985365
166,howrah,22.5892,88.3103,28.0,89,75,4.12,IN,1690985365
167,college,64.8569,-147.8028,15.5,79,75,2.57,US,1690985366
168,stanley,54.868,-1.6985,15.16,91,75,6.17,GB,1690985367
169,mikulov,48.8056,16.6378,25.75,53,100,6.21,CZ,1690985367
170,fort st. john,56.2499,-120.8529,10.94,100,75,2.06,CA,1690985354
171,longyearbyen,78.2186,15.6401,10.91,66,40,2.57,SJ,1690985368
172,northam,51.0333,-4.2167,18.7,96,51,10.35,GB,1690985369
173,esperanza,19.5847,-70.9849,30.32,76,94,1.34,DO,1690985370
174,chul'man,56.8479,124.9104,9.28,79,87,1.54,RU,1690985370
175,coquimatlan,19.2,-103.8,25.65,90,100,0.72,MX,1690985371
176,flying fish cove,-10.4217,105.6791,24.82,94,100,3.6,CX,1690985371
177,aripuana,-9.1667,-60.6333,33.17,32,26,1.77,BR,1690985298
178,sao mateus do sul,-25.8742,-50.3828,20.64,50,0,1.18,BR,1690985321
179,jijel,36.8205,5.7667,32.23,46,0,3.49,DZ,1690985373
180,petropavlovsk-kamchatsky,53.0452,158.6483,12.1,100,100,3.77,RU,1690985374
181,hawaiian paradise park,19.5933,-154.9731,22.8,97,100,2.57,US,1690985374
182,malpica,43.3228,-8.8105,22.09,72,36,5.4,ES,1690985375
183,angaur state,6.906,134.13,27.87,76,88,0.4,PW,1690985375
184,quibala,-10.7337,14.98,31.95,11,100,1.07,AO,1690985376
185,tomatlan,19.9333,-105.25,26.21,87,84,1.09,MX,1690985377
186,island harbour,50.724,-1.2758,18.42,94,99,5.36,GB,1690985377
187,conception bay south,47.4999,-52.9981,19.75,84,100,5.49,CA,1690985378
188,coquimbo,-29.9533,-71.3436,13.85,88,100,2.92,CL,1690985301
189,buseresere,-3.0236,31.8747,29.2,27,96,2.09,TZ,1690985382
190,pisco,-13.7,-76.2167,19.03,77,100,1.03,PE,1690985383
191,pathum thani,14.0833,100.6,29.98,92,20,0.0,TH,1690985383
192,ketchikan,55.3422,-131.6461,13.26,94,100,0.0,US,1690985207
193,kone,-21.0595,164.8658,15.63,80,4,2.47,NC,1690985385
194,nishinoomote,30.7333,131.0,27.75,87,100,9.46,JP,1690985385
195,hadibu,12.65,54.0333,27.91,69,6,9.63,YE,1690985386
196,colonia,50.9333,6.95,25.23,73,20,8.23,DE,1690985386
197,bayan,46.0833,127.4,21.05,98,63,2.62,CN,1690985387
198,menongue,-14.6585,17.691,28.87,8,87,2.86,AO,1690985387
199,maile,-38.9466,-72.3727,6.34,85,100,1.1,CL,1690985388
200,taungoo,18.9333,96.4333,24.61,97,94,1.57,MM,1690985398
201,inhambane,-23.865,35.3833,20.91,48,51,6.32,MZ,1690985399
202,udachny,66.4167,112.4,16.92,87,100,4.38,RU,1690985399
203,sunne,59.8376,13.143,19.23,66,100,1.67,SE,1690985400
204,kharp,66.8014,65.8081,24.36,71,15,4.39,RU,1690985401
205,sandnessjoen,66.0217,12.6316,19.29,68,0,4.12,NO,1690985401
206,tateyama,34.9833,139.8667,27.09,86,6,6.18,JP,1690985402
207,winnemucca,40.973,-117.7357,18.03,45,0,2.06,US,1690985259
208,isafjordur,66.0755,-23.124,8.02,87,75,3.09,IS,1690985403
209,nuevitas,21.5453,-77.2644,30.44,68,32,3.34,CU,1690985404
210,assare,-6.8744,-39.875,31.55,35,2,3.41,BR,1690985414
211,kangding,30.0513,101.9603,15.64,96,98,1.12,CN,1690985415
212,sopron,47.685,16.5905,27.07,52,100,7.81,HU,1690985416
213,saint john,45.2727,-66.0677,19.47,51,0,2.47,CA,1690985416
214,sinop,41.7711,34.8709,22.24,70,14,3.01,TR,1690985417
215,meadow lakes,61.6247,-149.6011,15.35,97,0,0.0,US,1690985418
216,tha khanon,9.0302,98.9529,26.82,82,99,1.86,TH,1690985418
217,klyuchi,52.2667,79.1667,29.65,30,89,5.2,RU,1690985419
218,zaozersk,69.4005,32.4476,22.12,57,42,1.81,RU,1690985419
219,opuwo,-18.0607,13.84,27.34,7,0,3.11,NA,1690985420
220,big spring,32.2504,-101.4787,30.06,50,0,6.17,US,1690985415
221,fort mcmurray,56.7268,-111.381,12.73,100,75,3.09,CA,1690985421
222,alice springs,-23.7,133.8833,11.75,66,1,1.03,AU,1690985422
223,al mindak,20.1588,41.2834,26.32,29,32,4.81,SA,1690985422
224,kapuskasing,49.4169,-82.4331,13.05,100,100,6.17,CA,1690985411
225,bawshar,23.5556,58.3989,30.65,84,5,3.09,OM,1690985423
226,sault ste. marie,46.5168,-84.3333,22.31,85,0,2.57,CA,1690985206
227,dongola,19.1667,30.4833,41.95,20,46,3.99,SD,1690985424
228,tadine,-21.55,167.8833,20.18,64,82,9.61,NC,1690985181
229,bulawayo,-20.15,28.5833,16.4,44,15,7.15,ZW,1690985426
230,georgetown,5.4112,100.3354,28.96,70,20,0.0,MY,1690985243
231,port elizabeth,-33.918,25.5701,19.47,48,0,3.78,ZA,1690985427
232,liuli,-11.0833,34.6333,23.48,66,29,8.36,TZ,1690985427
233,la passe,45.5549,-0.8967,24.13,59,2,11.9,FR,1690985428
234,sos'va,59.1766,61.8558,22.19,67,100,1.75,RU,1690985428
235,enewetak,11.3474,162.3373,28.24,80,55,5.37,MH,1690985429
236,touros,-5.1989,-35.4608,29.13,60,63,7.4,BR,1690985430
237,usinsk,65.9939,57.5281,26.63,41,22,2.01,RU,1690985430
238,puerto armuelles,8.2833,-82.8667,27.99,70,36,1.34,PA,1690985431
239,zeya,53.75,127.2667,14.14,62,2,2.56,RU,1690985431
240,nadym,65.5333,72.5167,28.68,45,32,5.89,RU,1690985432
241,cabo san lucas,22.8909,-109.9124,29.78,76,12,1.96,MX,1690984830
242,yung shue wan,22.2333,114.1167,31.43,75,10,3.44,HK,1690985433
243,cill airne,52.05,-9.5167,16.03,88,75,3.6,IE,1690985433
244,sisimiut,66.9395,-53.6735,6.92,83,81,1.88,GL,1690985434
245,yoakum,29.2878,-97.1519,28.1,66,78,2.62,US,1690985435
246,dudinka,69.4058,86.1778,17.57,42,5,10.87,RU,1690985436
247,vila velha,-20.3297,-40.2925,24.41,68,75,3.09,BR,1690985418
248,la'ie,21.6477,-157.9253,25.98,78,45,0.89,US,1690985437
249,rio gallegos,-51.6226,-69.2181,-0.46,70,77,12.19,AR,1690985437
250,louis trichardt,-23.0439,29.9032,13.79,63,59,4.33,ZA,1690985438
251,siwa oasis,29.2041,25.5195,38.61,15,0,2.29,EG,1690985438
252,wynyard,-41.0,145.7167,9.85,93,23,1.77,AU,1690985439
253,abengourou,6.7297,-3.4964,24.55,94,100,1.16,CI,1690985439
254,keflavik,64.0049,-22.5624,15.95,67,0,6.17,IS,1690985440
255,talnakh,69.4865,88.3972,17.34,39,8,5.83,RU,1690985441
256,uturoa,-16.7333,-151.4333,26.03,69,11,5.83,PF,1690985441
257,wailua homesteads,22.0669,-159.378,25.44,88,75,8.23,US,1690985442
258,mount pearl,47.5166,-52.7813,19.42,84,100,2.68,CA,1690985442
259,barah,13.7,30.3667,35.23,35,99,4.45,SD,1690985144
260,kyabe,9.4515,18.9449,28.03,63,63,2.75,TD,1690985444
261,new norfolk,-42.7826,147.0587,9.72,96,89,1.61,AU,1690985445
262,lethem,3.3803,-59.7968,28.67,72,68,1.97,GY,1690985445
263,hobyo,5.3505,48.5268,26.18,76,100,11.49,SO,1690985446
264,susuman,62.7833,148.1667,6.92,81,74,2.14,RU,1690985446
265,port alfred,-33.5906,26.891,19.54,70,0,2.24,ZA,1690985447
266,dongcun,36.7767,121.1597,25.59,86,2,3.13,CN,1690985448
267,huarmey,-10.0681,-78.1522,20.46,75,53,1.88,PE,1690985448
268,armidale,-30.5167,151.65,3.32,96,0,2.11,AU,1690985449
269,lensk,60.7253,114.9278,14.95,65,0,0.84,RU,1690985449
270,lihue,21.9789,-159.3672,25.77,84,75,8.23,US,1690985450
271,kolonia,50.9333,6.95,25.23,73,20,8.23,DE,1690985450
272,kismayo,-0.3582,42.5454,25.87,75,100,7.41,SO,1690985451
273,atherton,53.5237,-2.4935,18.91,88,100,1.79,GB,1690985451
274,kindu,-2.95,25.95,36.82,16,50,0.38,CD,1690985452
275,tyukhtet,56.5389,89.3011,20.42,81,68,2.07,RU,1690985453
276,manggar,-2.8833,108.2667,27.44,84,94,5.02,ID,1690985453
277,trenggalek,-8.05,111.7167,22.37,95,62,0.3,ID,1690985454
278,domusnovas,39.3219,8.6486,34.12,32,0,4.5,IT,1690985455
279,esquel,-42.9,-71.3167,0.06,76,38,4.78,AR,1690985455
280,jamestown,42.097,-79.2353,20.77,67,0,2.57,US,1690985227
281,ikast,56.1388,9.1577,20.8,49,20,1.54,DK,1690985456
282,lata,40.1629,-8.3327,29.16,52,86,5.18,PT,1690985457
283,pemangkat,1.1667,108.9667,26.47,87,100,3.06,ID,1690985457
284,akjoujt,19.6969,-14.4164,37.9,22,0,5.55,MR,1690985458
285,tarakan,3.3,117.6333,26.72,89,20,1.54,ID,1690985458
286,joshimath,30.5667,79.5667,22.87,97,100,0.49,IN,1690985459
287,happy valley-goose bay,53.3168,-60.3315,15.17,82,75,3.09,CA,1690985459
288,hammerfest,70.6634,23.6821,22.25,60,40,2.57,NO,1690985460
289,motygino,58.1831,94.7592,18.7,94,84,1.73,RU,1690985461
290,mount gambier,-37.8333,140.7667,11.84,64,52,5.84,AU,1690985461
291,shingu,33.7333,135.9833,25.28,93,11,1.36,JP,1690985462
292,kudahuvadhoo,2.6708,72.8944,28.37,68,100,3.1,MV,1690985463
293,igrim,63.1906,64.4162,25.43,52,4,2.71,RU,1690985466
294,san antonio de pale,-1.4014,5.6325,22.52,73,16,2.53,GQ,1690985471
295,hermanus,-34.4187,19.2345,20.45,55,1,1.2,ZA,1690985472
296,eraan,9.0629,117.7016,26.45,86,99,3.04,PH,1690985472
297,rabaul,-4.1967,152.1721,26.21,80,100,5.28,PG,1690985473
298,saint-philippe,-21.3585,55.7679,23.77,85,38,4.64,RE,1690985474
299,richards bay,-28.783,32.0377,19.45,59,11,4.41,ZA,1690985474
300,nuku'alofa,-21.1333,-175.2,20.19,94,75,4.63,TO,1690985475
301,singrauli,24.1997,82.6753,24.84,95,100,4.24,IN,1690985476
302,arkhangel'sk,64.5401,40.5433,25.43,48,68,2.0,RU,1690985476
303,zakynthos,37.7914,20.8953,31.68,62,40,2.06,GR,1690985477
304,cooper's town,26.8667,-77.5167,28.71,65,0,1.51,BS,1690985478
305,salinas,36.6777,-121.6555,14.99,96,100,1.54,US,1690985471
306,selkirk,50.1436,-96.8845,23.95,80,0,3.0,CA,1690985479
307,laghouat,33.8,2.8651,38.31,5,0,0.67,DZ,1690985479
308,grand-lahou,5.1367,-5.0242,25.8,79,99,5.11,CI,1690985480
309,shiprock,36.7855,-108.687,24.01,36,31,0.56,US,1690985480
310,mana,5.6592,-53.7767,29.89,62,1,2.38,GF,1690985481
311,mbulu,-3.85,35.5333,21.46,41,58,5.41,TZ,1690985482
312,merizo village,13.2658,144.6691,27.85,94,100,2.5,GU,1690985482
313,pasighat,28.0667,95.3333,27.63,88,37,1.69,IN,1690985483
314,dizangue,3.7667,9.9833,23.73,90,100,2.21,CM,1690985483
315,abadan,30.3392,48.3043,49.25,5,0,9.01,IR,1690985484
316,tazacorte,28.629,-17.9293,26.54,65,20,8.23,ES,1690985485
317,ta`u,-14.2336,-169.5144,27.4,76,20,6.3,AS,1690985485
318,vorgashor,67.5833,63.95,23.47,66,99,3.54,RU,1690985486
319,kasaragod,12.5,75.0,25.42,86,100,2.34,IN,1690985486
320,coeur d'alene,47.6777,-116.7805,17.45,62,0,2.57,US,1690985380
321,palikir - national government center,6.9248,158.1611,25.41,94,75,1.54,FM,1690985487
322,kununurra,-15.7667,128.7333,20.99,73,23,0.51,AU,1690985488
323,isangel,-19.55,169.2667,21.3,81,9,6.52,VU,1690985489
324,oranjemund,-28.55,16.4333,24.91,19,0,8.13,NA,1690985489
325,safford,32.834,-109.7076,28.51,36,0,0.0,US,1690985490
326,toliara,-23.35,43.6667,25.41,48,26,7.79,MG,1690985490
327,griffith,41.5284,-87.4237,25.53,67,0,3.09,US,1690985491
328,belmonte,-15.8631,-38.8828,24.67,63,35,3.74,BR,1690985491
329,anadyr,64.75,177.4833,10.28,87,100,5.0,RU,1690985492
330,bonthe,7.5264,-12.505,27.66,76,100,4.6,SL,1690985492
331,nouadhibou,20.931,-17.0347,26.99,61,20,6.69,MR,1690985493
332,ancud,-41.8697,-73.8203,6.26,66,93,2.03,CL,1690985493
333,antsiranana,-12.2787,49.2917,25.68,63,12,7.39,MG,1690985494
334,anloga,5.7947,0.8973,25.98,80,30,7.11,GH,1690985494
335,chupaca,-12.0667,-75.2833,10.28,59,9,0.26,PE,1690985495
336,laguna,38.421,-121.4238,16.67,86,40,4.63,US,1690985495
337,khash,28.2211,61.2158,36.65,7,11,6.79,IR,1690985496
338,al muwayh,22.4333,41.7583,40.03,5,6,7.26,SA,1690985497
339,san patricio,28.017,-97.5169,31.06,67,41,2.7,US,1690985498
340,floro,61.5996,5.0328,21.04,72,40,6.17,NO,1690985499
341,chibougamau,49.9168,-74.3659,17.0,45,5,2.58,CA,1690985499
342,valparaiso,-33.0393,-71.6273,17.8,64,0,1.54,CL,1690985500
343,port sudan,19.6175,37.2164,35.92,45,19,4.34,SD,1690985500
344,dergachi,51.2328,48.7659,31.23,28,0,1.95,RU,1690985501
345,piti village,13.4626,144.6933,28.03,91,0,2.57,GU,1690985501
346,puerto deseado,-47.7503,-65.8938,5.41,38,53,19.27,AR,1690985502
347,warminster,51.2043,-2.1787,17.7,92,99,2.68,GB,1690985331
348,nova sintra,14.8667,-24.7167,23.07,82,19,2.92,CV,1690985503
349,barcelos,41.5388,-8.6151,21.62,93,99,2.27,PT,1690985504
350,moratuwa,6.773,79.8816,28.01,88,11,3.75,LK,1690985479
351,dashitou,43.3067,128.5114,21.24,94,98,2.9,CN,1690985505
352,okhotsk,59.3833,143.3,12.22,84,100,5.2,RU,1690985506
353,as sulayyil,20.4607,45.5779,44.7,6,41,3.53,SA,1690985506
354,safonovo,55.15,33.2167,25.05,58,8,2.77,RU,1690985507
355,ulan bator,47.9077,106.8832,18.07,82,40,2.0,MN,1690985508
356,chililabombwe,-12.3648,27.8229,25.37,26,7,3.4,ZM,1690985508
357,recani,31.2846,-4.2688,43.03,6,0,2.94,MA,1690985509
358,tsiombe,-25.3,45.4833,20.12,60,92,5.69,MG,1690985509
359,turpan,42.9333,89.1667,39.67,14,0,1.32,CN,1690985510
360,xichang,27.8964,102.2634,20.09,88,18,1.68,CN,1690985511
361,nagato,34.3833,131.2,27.44,81,99,8.94,JP,1690985511
362,mar del plata,-38.0023,-57.5575,15.01,53,0,4.12,AR,1690985491
363,sarupathar,26.1984,93.8094,26.69,94,100,1.56,IN,1690985512
364,ad dawadimi,24.5077,44.3924,41.38,6,0,2.86,SA,1690985513
365,medina,24.4686,39.6142,41.51,6,0,6.79,SA,1690985513
366,berdigestyakh,62.0989,126.6992,14.49,64,79,0.68,RU,1690985514
367,harper,4.375,-7.7169,25.76,80,96,5.92,LR,1690985372
368,masterton,-40.9597,175.6575,6.05,89,80,5.8,NZ,1690985223
369,greenville,35.6127,-77.3663,24.09,80,0,4.12,US,1690985362
370,ulsteinvik,62.3432,5.8487,18.84,78,57,3.13,NO,1690985516
371,vetluga,57.8557,45.781,21.65,68,100,0.83,RU,1690985517
372,puerto lempira,15.2667,-83.7667,24.77,94,100,2.85,HN,1690985230
373,nsunga,-1.1439,31.3947,28.15,32,77,3.08,TZ,1690985518
374,hutchinson,38.0608,-97.9298,28.97,55,0,5.66,US,1690985518
375,umm kaddadah,13.6017,26.6876,33.83,36,89,3.3,SD,1690985519
376,labrador city,52.9463,-66.9114,14.95,72,75,2.06,CA,1690985519
377,lemvig,56.5486,8.3102,21.22,70,100,2.02,DK,1690985520
378,bakchar,57.0186,82.0711,19.48,86,84,2.19,RU,1690985520
379,zarzis,33.504,11.1122,31.03,51,0,5.25,TN,1690985521
380,soledad de graciano sanchez,22.2,-100.95,17.9,68,20,1.54,MX,1690985522
381,lompoc,34.6391,-120.4579,14.73,83,100,3.13,US,1690985523
382,zhangye,38.9342,100.4517,18.98,76,100,4.29,CN,1690985524
383,kenai,60.5544,-151.2583,12.86,95,75,2.06,US,1690985524
384,delijan,33.9905,50.6838,37.47,8,22,7.18,IR,1690985525
385,kattivakkam,13.2167,80.3167,35.05,76,100,2.98,IN,1690985525
386,banda aceh,5.5577,95.3222,27.54,79,96,6.11,ID,1690985526
387,nemuro,43.3236,145.575,17.72,94,12,6.69,JP,1690985527
388,sitka,57.0531,-135.33,13.94,88,75,0.0,US,1690985527
389,hovd,48.0056,91.6419,20.58,58,87,0.98,MN,1690985528
390,bolu,40.6667,31.5833,28.07,47,12,3.69,TR,1690985529
391,volterra,43.4003,10.86,29.91,36,2,6.32,IT,1690985530
392,hampton bays,40.869,-72.5176,23.86,52,0,4.12,US,1690985530
393,san-pedro,4.7485,-6.6363,25.74,81,100,5.33,CI,1690985531
394,las lomitas,-24.7096,-60.593,31.33,24,0,5.85,AR,1690985531
395,belyy yar,53.6039,91.3903,23.94,64,0,2.0,RU,1690985532
396,dryden,49.7833,-92.7503,20.16,88,40,1.03,CA,1690985532
397,las heras,-46.5419,-68.9359,2.53,40,0,16.92,AR,1690985500
398,bousse,12.6606,-1.8922,32.95,46,100,6.19,BF,1690985533
399,vilyuysk,63.7553,121.6247,15.37,56,91,1.74,RU,1690985534
400,maralal,1.0968,36.698,18.51,67,99,3.21,KE,1690985534
401,beloyarskiy,63.7119,66.6722,26.11,51,22,2.98,RU,1690985535
402,lycksele,64.5954,18.6735,16.93,94,100,5.66,SE,1690985536
403,darwin,-12.4611,130.8418,24.94,71,0,2.57,AU,1690985318
404,selfoss,63.9331,-20.9971,16.14,51,35,4.76,IS,1690985537
405,cacapava,-23.1008,-45.7069,18.49,42,0,0.22,BR,1690985537
406,acarau,-2.8856,-40.12,30.91,54,83,7.09,BR,1690985538
407,bibiani,6.4635,-2.3194,24.7,93,99,1.73,GH,1690985538
408,puerto baquerizo moreno,-0.9,-89.6,25.55,78,75,5.14,EC,1690985539
409,pierre,44.3683,-100.351,22.51,100,100,2.06,US,1690985487
410,ormond-by-the-sea,29.3491,-81.0665,30.6,83,40,2.57,US,1690985540
411,stephenville,32.2207,-98.2023,33.43,40,95,2.24,US,1690985540
412,constantia,44.1833,28.65,32.61,64,91,10.38,RO,1690985541
413,piterka,50.6803,47.4454,32.85,24,19,3.0,RU,1690985541
414,slave lake,55.2834,-114.769,12.99,94,40,1.54,CA,1690985521
415,okondja,-0.6549,13.6753,35.03,31,99,1.24,GA,1690985542
416,santarem,-2.4431,-54.7083,30.07,74,0,3.09,BR,1690985444
417,prince rupert,54.3161,-130.3201,10.05,100,0,0.0,CA,1690985358
418,coari,-4.085,-63.1414,32.67,48,16,1.05,BR,1690985544
419,baishishan,43.5833,127.5667,24.56,82,96,4.04,CN,1690985544
420,palopo,-2.9996,120.1921,25.16,85,5,1.2,ID,1690985545
421,puerto santa,-8.9906,-78.6456,20.47,78,86,1.82,PE,1690985546
422,neryungri,56.6709,124.6491,9.34,84,99,1.61,RU,1690985546
423,hastings,50.8552,0.5729,17.18,45,100,14.43,GB,1690985266
424,sal rei,16.1833,-22.9167,29.11,65,20,4.63,CV,1690985547
425,tamazula de gordiano,19.6333,-103.25,20.25,92,97,0.56,MX,1690985548
426,magistral'nyy,56.1725,107.4458,16.68,55,28,2.48,RU,1690985547
427,archangelos,36.2149,28.1149,30.99,51,0,2.53,GR,1690985549
428,caidian,30.5833,114.0333,29.58,68,2,0.58,CN,1690985549
429,ambon,-3.6954,128.1814,26.6,95,55,6.09,ID,1690985550
430,minas de marcona,-15.2119,-75.1103,15.95,68,5,3.08,PE,1690985551
431,buala,-8.145,159.5921,25.1,90,100,2.06,SB,1690985551
432,bull savanna,17.8868,-77.5902,29.08,64,90,3.88,JM,1690985552
433,batesville,35.7698,-91.641,26.25,83,0,2.06,US,1690985308
434,igarka,67.4667,86.5833,23.03,61,14,3.54,RU,1690985553
435,roosevelt,33.9668,-103.4505,24.39,50,49,6.7,US,1690985553
436,margate,51.3813,1.3862,17.61,85,100,5.36,GB,1690985554
437,road town,18.4167,-64.6167,31.02,70,40,4.63,VG,1690985554
438,vizinga,61.0749,50.1031,21.28,86,96,1.48,RU,1690985555
439,ivdel',60.6911,60.4206,24.19,54,100,1.94,RU,1690985555
440,oamaru,-45.0784,170.9801,5.77,64,62,6.55,NZ,1690985556
441,norman gardens,-23.3224,150.5393,16.29,67,5,4.12,AU,1690985557
442,chapada dos guimaraes,-15.4606,-55.7497,27.81,21,0,3.7,BR,1690985557
443,nar'yan-mar,67.6713,53.087,27.46,47,62,3.8,RU,1690985558
444,maun,-19.9833,23.4167,26.49,22,2,4.56,BW,1690985558
445,sambava,-14.2667,50.1667,24.5,75,15,8.09,MG,1690985559
446,hau-ri,41.2006,129.4703,23.96,91,65,0.84,KP,1690985559
447,labytnangi,66.6572,66.4183,25.45,62,44,5.24,RU,1690985560
448,kani keli,-12.9536,45.1033,25.59,70,0,6.38,YT,1690985560
449,eyl,7.9803,49.8164,29.73,58,96,11.39,SO,1690985561
450,bubaque,11.2833,-15.8333,27.27,77,88,2.62,GW,1690985561
451,brampton,43.6834,-79.7663,21.51,69,100,0.45,CA,1690985495
452,revelstoke,50.9832,-118.2023,10.01,87,0,0.0,CA,1690985562
453,markaz-e hukumat-e darweshan,31.1323,64.1934,41.39,4,0,3.0,AF,1690985480
454,urangan,-25.3,152.9,19.48,64,0,6.99,AU,1690985563
455,coahuayana de hidalgo,18.7,-103.6583,27.09,84,100,1.27,MX,1690985564
456,grand falls-windsor,48.9332,-55.6649,20.28,72,100,4.03,CA,1690985420
457,kolondieba,11.0882,-6.8926,28.49,67,100,1.23,ML,1690985565
458,whistler,50.1164,-122.9695,12.53,75,93,0.18,CA,1690985565
459,namdrik,5.5994,168.1028,28.27,77,3,4.28,MH,1690985566
460,newman,37.3138,-121.0208,16.81,80,22,1.69,US,1690985567
461,las lomas,8.4333,-82.4,27.67,74,20,1.54,PA,1690985568
462,halvad,23.0167,71.1833,29.39,71,90,8.36,IN,1690985568
463,bezhetsk,57.7851,36.6965,24.0,62,96,3.97,RU,1690985569
464,cabcaben,14.454,120.5914,27.01,86,100,7.73,PH,1690985569
465,lebu,-37.6167,-73.65,10.1,74,7,7.47,CL,1690985570
466,reyes,-14.3167,-67.3833,28.09,78,0,1.54,BO,1690985500
467,fisterra,42.9049,-9.2629,23.75,73,32,5.6,ES,1690985571
468,kotri,25.366,68.3122,31.88,60,2,10.54,PK,1690985571
469,kachkanar,58.7,59.4948,20.05,70,100,1.54,RU,1690985572
470,san jose del guaviare,2.5729,-72.6459,26.44,67,12,1.69,CO,1690985573
471,hedemora,60.2797,15.9886,16.2,97,100,1.95,SE,1690985573
472,sihanoukville,10.6093,103.5296,28.97,84,40,3.09,KH,1690985574
473,katabu,-4.9333,122.5167,23.22,86,2,2.21,ID,1690985575
474,nikolayevsk-on-amure,53.1406,140.73,12.27,98,94,2.28,RU,1690985575
475,kantagi,43.5264,68.5775,33.22,15,0,5.74,KZ,1690985576
476,corner brook,48.9667,-57.9484,19.09,46,26,5.05,CA,1690985487
477,robertsport,6.7533,-11.3686,26.9,78,100,4.51,LR,1690985577
478,villaviciosa,43.4813,-5.4357,23.67,72,100,5.28,ES,1690985448
479,ribeira brava,32.65,-17.0667,29.28,65,1,0.34,PT,1690985578
480,bodo,67.28,14.405,20.53,62,0,4.12,NO,1690985578
481,usogorsk,63.4106,48.6872,26.32,39,100,0.71,RU,1690985579
482,port blair,11.6667,92.75,28.02,83,100,8.04,IN,1690985579
483,fauske,67.2588,15.3918,20.53,75,100,1.72,NO,1690985580
484,parauapebas,-6.0675,-49.9022,30.99,57,0,1.03,BR,1690985581
485,luocheng,29.3848,104.0286,24.38,91,71,0.21,CN,1690985581
486,polyarnyy,69.1989,33.4478,22.62,54,11,2.56,RU,1690985582
487,maceio,-9.6658,-35.7353,28.69,74,75,4.12,BR,1690985583
488,mitchell,43.7094,-98.0298,23.74,94,100,2.57,US,1690985583
489,darab,28.7519,54.5444,39.51,7,0,10.02,IR,1690985584
490,port lincoln,-34.7333,135.8667,15.64,49,90,8.76,AU,1690985584
491,saint-pierre,-21.3393,55.4781,23.82,78,75,7.72,RE,1690985585
492,yelovo,57.0538,54.9207,24.45,63,93,1.81,RU,1690985586
493,bakanas,44.8081,76.2772,33.77,19,31,0.79,KZ,1690985586
494,kirakira,-10.4544,161.9205,24.84,89,97,4.6,SB,1690985587
495,aizpute,56.7167,21.6,19.57,56,33,6.59,LV,1690985588
496,amarante do maranhao,-5.5667,-46.7422,32.58,30,49,4.04,BR,1690985588
497,porto seguro,-16.4497,-39.0647,25.29,69,75,3.09,BR,1690985589
498,wallingford,41.457,-72.8232,23.39,62,0,2.06,US,1690985590
499,kamaishi,39.2667,141.8833,24.23,85,59,3.1,JP,1690985590
500,buta,2.7858,24.73,33.13,41,99,0.44,CD,1690985591
501,mitu,1.1983,-70.1733,26.76,70,14,1.23,CO,1690985591
502,bechar,31.6167,-2.2167,41.18,7,0,4.12,DZ,1690985592
503,jalalabad,34.4265,70.4515,39.37,22,0,6.15,AF,1690985592
504,boquira,-12.8231,-42.7306,27.73,39,0,3.24,BR,1690985593
505,castillos,-34.1667,-53.8333,22.59,69,0,4.0,UY,1690985593
506,burang,30.25,81.1667,12.85,77,93,2.76,CN,1690985594
507,xai-xai,-25.0519,33.6442,20.18,57,60,5.3,MZ,1690985595
508,pori,61.4833,21.7833,21.04,73,20,6.17,FI,1690985440
509,chilmari,25.5559,89.6715,29.62,77,78,6.46,BD,1690985596
510,essaouira,31.5125,-9.77,30.72,45,0,10.29,MA,1690985596
511,fortuna,40.5982,-124.1573,14.96,94,100,1.54,US,1690985373
512,yibin,28.7667,104.6238,25.36,92,76,0.3,CN,1690985597
513,egilsstadir,65.2653,-14.3948,9.95,76,20,5.14,IS,1690985598
514,badiyah,22.45,58.8,41.16,18,56,2.33,OM,1690985599
515,saint-mandrier-sur-mer,43.078,5.929,29.92,63,0,8.75,FR,1690985599
516,dadri,28.5667,77.55,29.12,58,59,1.68,IN,1690985600
517,kaa-khem,51.6833,94.7333,22.43,59,79,2.58,RU,1690985600
518,kayangel,8.0823,134.7173,28.04,73,74,1.18,PW,1690985601
519,fale old settlement,-9.3852,-171.2468,28.25,75,100,5.14,TK,1690985602
520,odda,60.0691,6.5457,20.01,65,60,1.74,NO,1690985602
521,labuan,5.2767,115.2417,26.72,78,95,2.24,MY,1690985603
522,luninyets,52.2472,26.8047,17.34,95,100,2.39,BY,1690985603
523,calabozo,8.9242,-67.4293,27.23,82,33,0.36,VE,1690985604
524,ust'-talovka,50.5493,81.85,25.84,43,100,2.32,KZ,1690985604
525,kathmandu,27.7167,85.3167,25.12,83,75,2.06,NP,1690985181
526,vila franca do campo,37.7167,-25.4333,27.33,66,15,2.58,PT,1690985605
527,vadso,70.0744,29.7487,24.49,73,0,6.17,NO,1690985606
528,melekeok village,7.4957,134.6367,27.27,78,55,0.9,PW,1690985607
529,rio bueno,-40.3167,-72.9667,7.84,92,100,1.8,CL,1690985607
530,fayzabad,37.1166,70.58,29.39,22,0,3.15,AF,1690985608
531,sauri,11.7266,6.7837,30.69,52,63,6.14,NG,1690985608
532,hailey,43.5196,-114.3153,20.49,63,100,2.57,US,1690985609
533,aykhal,66.0,111.5,15.7,81,99,3.78,RU,1690985609
534,rumonge,-3.9736,29.4386,28.2,42,100,2.66,BI,1690985610
535,tyukalinsk,55.8732,72.1967,22.48,68,51,4.09,RU,1690985610
536,naze,28.3667,129.4833,25.9,90,97,12.32,JP,1690985611
537,pacific grove,36.6177,-121.9166,15.01,93,100,1.54,US,1690985427
538,beyneu,45.3167,55.2,37.37,14,20,3.86,KZ,1690985612
539,ad darb,17.7229,42.2526,39.05,27,99,13.97,SA,1690985612
540,urucui,-7.2294,-44.5561,34.04,29,5,5.03,BR,1690985613
541,forster,-32.1667,152.5167,9.1,99,3,2.18,AU,1690985613
542,raja,8.4596,25.678,29.77,53,100,0.25,SS,1690985614
543,aksu,41.1231,80.2644,24.59,44,88,12.53,CN,1690985615
544,rudbar,30.15,62.6,42.86,6,0,3.92,AF,1690985616
545,nyachera,-0.9,30.4167,27.57,31,81,3.63,UG,1690985616
546,kale,50.9581,1.8521,20.0,80,95,13.88,FR,1690985617
547,kushtagi,15.7667,76.2,25.25,69,100,8.87,IN,1690985617
548,huamuxtitlan,17.8167,-98.5667,21.98,92,85,0.29,MX,1690985619
549,amalapuram,16.5833,82.0167,26.93,82,100,2.6,IN,1690985619
550,rumbek,6.802,29.6912,29.57,54,100,2.65,SS,1690985620
551,novovarshavka,54.1721,74.6946,27.7,44,7,4.57,RU,1690985620
552,koelwar,25.5833,84.8,30.95,70,58,7.99,IN,1690985621
553,mafinga,-7.25,35.0667,26.0,34,96,3.5,TZ,1690985621
554,talcahuano,-36.7167,-73.1167,9.82,71,0,3.09,CL,1690985526
555,hun,29.1268,15.9477,38.32,14,0,4.49,LY,1690985622
556,omutinskiy,56.4745,67.6709,20.81,69,69,3.89,RU,1690985623
557,tual,-5.6667,132.75,26.54,85,17,8.85,ID,1690985623
558,salinopolis,-0.6136,-47.3561,29.17,69,12,5.53,BR,1690985624
559,kursavka,44.4564,42.5093,23.88,64,100,2.32,RU,1690985624
560,molina,-35.1167,-71.2833,9.09,81,100,4.63,CL,1690985625
561,freetown,8.484,-13.2299,26.99,79,89,2.65,SL,1690985626
562,cuamba,-14.8031,36.5372,20.95,50,71,4.73,MZ,1690985627
563,san fernando,15.0286,120.6898,26.85,90,100,2.53,PH,1690985441
564,ardestan,33.3761,52.3694,38.87,8,1,7.18,IR,1690985628
565,yuzhno-kurilsk,44.0306,145.8556,18.77,93,42,2.04,RU,1690985629
566,thunder bay,48.4001,-89.3168,22.99,78,20,3.09,CA,1690985629
567,itoman,26.1247,127.6694,27.01,94,75,19.55,JP,1690985630
568,nioki,-2.7167,17.6833,38.24,19,91,1.3,CD,1690985630
569,'ain el turk,35.7438,-0.7693,39.5,26,0,4.63,DZ,1690985631
570,meridian,43.6121,-116.3915,25.84,53,0,2.06,US,1690985567
571,hamilton,39.1834,-84.5333,25.14,70,0,3.6,US,1690985632
572,cranleigh,51.1421,-0.4837,18.1,95,99,7.56,GB,1690985632
573,souillac,-20.5167,57.5167,22.21,94,75,2.57,MU,1690985633
574,mount pleasant,32.7941,-79.8626,29.99,73,20,6.69,US,1690985609
575,mugia,43.1041,-9.2179,23.84,70,40,5.75,ES,1690985634
576,tralee,52.2704,-9.7026,15.14,94,100,5.14,IE,1690985634
577,strelka,58.0728,93.0344,19.17,93,21,1.61,RU,1690985635
578,manakara,-22.1333,48.0167,20.04,86,98,6.01,MG,1690985636
579,sinan,34.8262,126.1086,26.84,79,100,1.57,KR,1690985636
580,chota,-6.55,-78.65,14.86,53,12,2.79,PE,1690985637
581,balnearia,-31.0088,-62.6673,25.21,42,0,3.85,AR,1690985637
582,qarah zia' od din,38.8915,45.0255,37.48,11,1,3.45,IR,1690985638
